cell_id,rmse,mae,r2
G1,2.7722567976677532,2.716771162970593,0.23145922477849334
V4,1.578794290392397,1.4904114196550418,0.7507408588624368
W10,0.47219378056139494,0.2813006712277796,0.9880553410856681
W4,2.201424496452026,1.8486870117029384,0.07690098788970345
W5,0.49409315077403304,0.32020192812851744,0.986921712054903
W8,0.530699257250807,0.3762207862578911,0.9849120516975058
W9,0.35309526664896485,0.19946932057219974,0.9933209142501838
